key,last_name,total_amount,averageLifeSpan
96f55c7d8f42,test1,12.04,6260.799999999999
96f55c7d8f43,test2,10.0,5200.0
96f55c7d8f44,test3,11.04,5740.799999999999
96f55c7d8f45,test4,5.0,2600.0
96f55c7d8f46,test5,40.03,20815.6
96f55c7d8f47,test6,9.0,4680.0
